1,Huntlee,Aireton,haireton0,Huntlee Aireton,769-536-8313,haireton0@chron.com
2,Liv,Arnald,larnald1,Liv Arnald,315-525-3531,larnald1@hibu.com
3,Bobbie,Beneteau,bbeneteau2,Bobbie Beneteau,566-186-6757,bbeneteau2@dell.com
4,Delmer,Meegin,dmeegin3,Delmer Meegin,408-624-3011,dmeegin3@slashdot.org
5,Ibby,Powell,ipowell4,Ibby Powell,964-183-5250,ipowell4@qq.com
6,Yoshiko,Tolson,ytolson5,Yoshiko Tolson,802-494-7369,ytolson5@tuttocitta.it
7,Oralla,Thorowgood,othorowgood6,Oralla Thorowgood,901-638-9229,othorowgood6@cargocollective.com
8,Ailina,Greenrod,agreenrod7,Ailina Greenrod,517-843-6841,agreenrod7@merriam-webster.com
9,Kattie,Deek,kdeek8,Kattie Deek,403-747-2476,kdeek8@go.com
10,Sidnee,Jessopp,sjessopp9,Sidnee Jessopp,636-223-1215,sjessopp9@homestead.com
11,Andria,Gianelli,agianellia,Andria Gianelli,191-753-1977,agianellia@behance.net
12,Catharine,Messenbird,cmessenbirdb,Catharine Messenbird,976-565-0927,cmessenbirdb@indiatimes.com
13,Hildagarde,Lever,hleverc,Hildagarde Lever,169-819-4509,hleverc@cisco.com
14,Tracie,Pringle,tpringled,Tracie Pringle,846-290-1523,tpringled@epa.gov
15,Irvin,Oliveti,iolivetie,Irvin Oliveti,933-784-3857,iolivetie@bloglines.com
16,Bat,Cleator,bcleatorf,Bat Cleator,365-943-9756,bcleatorf@bloglines.com
17,Ainslie,Tweedie,atweedieg,Ainslie Tweedie,380-801-2190,atweedieg@mac.com
18,Darin,Harford,dharfordh,Darin Harford,493-672-3960,dharfordh@imgur.com
19,Timothee,Cow,tcowi,Timothee Cow,779-624-3124,tcowi@tripadvisor.com
20,Clementina,Bambery,cbamberyj,Clementina Bambery,710-921-8160,cbamberyj@seesaa.net
21,Elijah,Howsley,ehowsleyk,Elijah Howsley,405-135-7152,ehowsleyk@booking.com
22,Ernesta,Osan,eosanl,Ernesta Osan,706-501-1714,eosanl@yellowbook.com
23,Wolfie,Chidgey,wchidgeym,Wolfie Chidgey,684-495-8750,wchidgeym@foxnews.com
24,Aida,Donaghy,adonaghyn,Aida Donaghy,118-208-6128,adonaghyn@yellowbook.com
25,Onofredo,Brager,obragero,Onofredo Brager,565-990-2754,obragero@icq.com
26,Tadio,Tiner,ttinerp,Tadio Tiner,830-142-0947,ttinerp@miibeian.gov.cn
27,Linoel,Nobriga,lnobrigaq,Linoel Nobriga,247-935-1177,lnobrigaq@skype.com
28,Rudolf,Gumery,rgumeryr,Rudolf Gumery,522-925-0246,rgumeryr@over-blog.com
29,Neal,Aberdalgy,naberdalgys,Neal Aberdalgy,443-567-3059,naberdalgys@paypal.com
30,Bjorn,Munnings,bmunningst,Bjorn Munnings,965-327-8406,bmunningst@github.com
31,Dalston,Dwelley,ddwelleyu,Dalston Dwelley,431-175-2812,ddwelleyu@dot.gov
32,Olga,Paxforde,opaxfordev,Olga Paxforde,500-580-8943,opaxfordev@sogou.com
33,Ronnica,Darben,rdarbenw,Ronnica Darben,999-676-9222,rdarbenw@nasa.gov
34,Thurston,Turfrey,tturfreyx,Thurston Turfrey,433-277-5881,tturfreyx@cisco.com
35,Adriena,Conochie,aconochiey,Adriena Conochie,571-385-6275,aconochiey@redcross.org
36,Kenny,Manthorpe,kmanthorpez,Kenny Manthorpe,189-173-2984,kmanthorpez@utexas.edu
37,Winni,Beak,wbeak10,Winni Beak,901-427-8600,wbeak10@4shared.com
38,Redford,Seabridge,rseabridge11,Redford Seabridge,258-311-6361,rseabridge11@biblegateway.com
39,Sanderson,Pikesley,spikesley12,Sanderson Pikesley,798-178-5334,spikesley12@netscape.com
40,Joyann,Chape,jchape13,Joyann Chape,221-786-5628,jchape13@mapy.cz
41,Lyndel,Ondrak,londrak14,Lyndel Ondrak,923-892-4861,londrak14@fotki.com
42,Sigismund,Orr,sorr15,Sigismund Orr,139-920-8463,sorr15@1688.com
43,Judon,Atto,jatto16,Judon Atto,813-756-3828,jatto16@ucoz.ru
44,Shae,MacAvaddy,smacavaddy17,Shae MacAvaddy,583-710-0678,smacavaddy17@buzzfeed.com
45,Veriee,Geraghty,vgeraghty18,Veriee Geraghty,228-188-6770,vgeraghty18@unblog.fr
46,Maribeth,Cracoe,mcracoe19,Maribeth Cracoe,427-802-4514,mcracoe19@ycombinator.com
47,Billie,Spennock,bspennock1a,Billie Spennock,162-152-5850,bspennock1a@nationalgeographic.com
48,Trescha,Rabbitt,trabbitt1b,Trescha Rabbitt,435-786-1980,trabbitt1b@dion.ne.jp
49,Wendi,Crum,wcrum1c,Wendi Crum,749-853-0117,wcrum1c@microsoft.com
50,Sallie,Nyland,snyland1d,Sallie Nyland,580-326-2011,snyland1d@indiatimes.com
51,Winny,Laffan,wlaffan1e,Winny Laffan,894-390-0524,wlaffan1e@bloglines.com
52,Robyn,Medeway,rmedeway1f,Robyn Medeway,490-250-2869,rmedeway1f@trellian.com
53,Phoebe,Di Giorgio,pdi1g,Phoebe Di Giorgio,781-963-7485,pdi1g@comsenz.com
54,Mahmoud,Kinvig,mkinvig1h,Mahmoud Kinvig,487-988-0058,mkinvig1h@digg.com
55,Tyson,Alywen,talywen1i,Tyson Alywen,180-958-1705,talywen1i@foxnews.com
56,Agnese,Bidewel,abidewel1j,Agnese Bidewel,627-482-2080,abidewel1j@reddit.com
57,Audie,Doumer,adoumer1k,Audie Doumer,683-540-4822,adoumer1k@blogspot.com
58,Yvor,Hatrey,yhatrey1l,Yvor Hatrey,630-161-5368,yhatrey1l@skype.com
59,Burlie,Lorinez,blorinez1m,Burlie Lorinez,887-998-0449,blorinez1m@google.cn
60,Cornell,Gluyus,cgluyus1n,Cornell Gluyus,243-209-0882,cgluyus1n@webmd.com
61,Aloisia,Eagell,aeagell1o,Aloisia Eagell,730-813-2941,aeagell1o@answers.com
62,Matthias,Diggens,mdiggens1p,Matthias Diggens,410-836-7103,mdiggens1p@oracle.com
63,Georgetta,Fuggle,gfuggle1q,Georgetta Fuggle,787-454-0656,gfuggle1q@g.co
64,Gail,Hallagan,ghallagan1r,Gail Hallagan,991-494-4790,ghallagan1r@marriott.com
65,Martguerita,Pallas,mpallas1s,Martguerita Pallas,389-649-1325,mpallas1s@cpanel.net
66,Simonne,Rutty,srutty1t,Simonne Rutty,159-295-3760,srutty1t@theguardian.com
67,Gayleen,Fransemai,gfransemai1u,Gayleen Fransemai,854-724-9940,gfransemai1u@github.io
68,Lenard,Davison,ldavison1v,Lenard Davison,700-756-4234,ldavison1v@example.com
69,Wain,Pawlyn,wpawlyn1w,Wain Pawlyn,586-470-9963,wpawlyn1w@salon.com
70,Bealle,Sumshon,bsumshon1x,Bealle Sumshon,494-189-2980,bsumshon1x@wikimedia.org
71,Andras,Jobbins,ajobbins1y,Andras Jobbins,186-691-3680,ajobbins1y@seesaa.net
72,Deana,Nuccitelli,dnuccitelli1z,Deana Nuccitelli,747-457-6169,dnuccitelli1z@qq.com
73,Eleonora,Boriston,eboriston20,Eleonora Boriston,460-351-1238,eboriston20@comsenz.com
74,Catherine,Ruffler,cruffler21,Catherine Ruffler,982-130-6536,cruffler21@soundcloud.com
75,Ximenez,Bisco,xbisco22,Ximenez Bisco,608-892-9462,xbisco22@about.me
76,Moreen,Iverson,miverson23,Moreen Iverson,742-684-6342,miverson23@mayoclinic.com
77,Charity,Growcock,cgrowcock24,Charity Growcock,121-116-4386,cgrowcock24@storify.com
78,Leo,Feldhuhn,lfeldhuhn25,Leo Feldhuhn,636-124-6497,lfeldhuhn25@gizmodo.com
79,Cicely,Carsberg,ccarsberg26,Cicely Carsberg,513-128-8760,ccarsberg26@admin.ch
80,Kris,Dable,kdable27,Kris Dable,177-836-8521,kdable27@4shared.com
81,Bernard,Ewings,bewings28,Bernard Ewings,770-569-7266,bewings28@photobucket.com
82,Ella,Johanssen,ejohanssen29,Ella Johanssen,858-713-0747,ejohanssen29@ted.com
83,Grenville,Stubbins,gstubbins2a,Grenville Stubbins,489-852-1335,gstubbins2a@symantec.com
84,Dominik,McGrath,dmcgrath2b,Dominik McGrath,422-161-7388,dmcgrath2b@google.pl
85,Gregorio,Bowden,gbowden2c,Gregorio Bowden,571-591-0681,gbowden2c@etsy.com
86,Donny,McIntee,dmcintee2d,Donny McIntee,704-779-7940,dmcintee2d@unesco.org
87,Levy,Bischoff,lbischoff2e,Levy Bischoff,649-327-5038,lbischoff2e@cbc.ca
88,Perri,O' Flaherty,po2f,Perri O' Flaherty,264-717-1602,po2f@eepurl.com
89,Kendrick,Marrion,kmarrion2g,Kendrick Marrion,980-675-0852,kmarrion2g@topsy.com
90,Beatriz,Boulder,bboulder2h,Beatriz Boulder,585-799-7346,bboulder2h@networksolutions.com
91,Belvia,Kearney,bkearney2i,Belvia Kearney,662-114-0368,bkearney2i@google.nl
92,Idalina,Vye,ivye2j,Idalina Vye,936-660-6034,ivye2j@netscape.com
93,Sampson,Skeath,sskeath2k,Sampson Skeath,626-851-8340,sskeath2k@comcast.net
94,Valli,Brogioni,vbrogioni2l,Valli Brogioni,926-899-1228,vbrogioni2l@yale.edu
95,Lil,Minter,lminter2m,Lil Minter,368-674-6531,lminter2m@ehow.com
96,Gonzales,Sterte,gsterte2n,Gonzales Sterte,810-492-3834,gsterte2n@bandcamp.com
97,Halley,D'Aubney,hdaubney2o,Halley D'Aubney,749-426-9225,hdaubney2o@senate.gov
98,Lin,Fells,lfells2p,Lin Fells,489-274-2109,lfells2p@trellian.com
99,Kania,Delves,kdelves2q,Kania Delves,406-803-9995,kdelves2q@baidu.com
100,Erwin,Ahrend,eahrend2r,Erwin Ahrend,284-882-9934,eahrend2r@liveinternet.ru
101,Bendick,Hehnke,bhehnke2s,Bendick Hehnke,724-481-2005,bhehnke2s@pen.io
102,Noble,Chicchelli,nchicchelli2t,Noble Chicchelli,636-921-9100,nchicchelli2t@soundcloud.com
103,Lianne,Dodgshun,ldodgshun2u,Lianne Dodgshun,490-786-5447,ldodgshun2u@naver.com
104,Sanson,Ovid,sovid2v,Sanson Ovid,151-856-0720,sovid2v@macromedia.com
105,Maison,Wilson,mwilson2w,Maison Wilson,817-628-9101,mwilson2w@theatlantic.com
106,Margarita,Dyerson,mdyerson2x,Margarita Dyerson,556-673-6070,mdyerson2x@elegantthemes.com
107,Samuel,Skingle,sskingle2y,Samuel Skingle,786-468-2663,sskingle2y@fastcompany.com
108,Ermin,Hughson,ehughson2z,Ermin Hughson,193-351-7681,ehughson2z@usda.gov
109,Rorie,Archdeckne,rarchdeckne30,Rorie Archdeckne,212-458-3563,rarchdeckne30@uol.com.br
110,Dallon,Hartford,dhartford31,Dallon Hartford,145-963-6004,dhartford31@newsvine.com
111,Hayden,Kervin,hkervin32,Hayden Kervin,650-827-3766,hkervin32@artisteer.com
112,Melicent,Whimper,mwhimper33,Melicent Whimper,554-937-5085,mwhimper33@qq.com
113,Babbie,Bassford,bbassford34,Babbie Bassford,820-834-2216,bbassford34@mozilla.com
114,Findlay,Cochet,fcochet35,Findlay Cochet,132-332-8004,fcochet35@google.co.uk
115,Erinn,McLaine,emclaine36,Erinn McLaine,139-918-3210,emclaine36@usnews.com
116,Earle,Dranfield,edranfield37,Earle Dranfield,253-153-5392,edranfield37@dailymotion.com
117,Arthur,de Chastelain,ade38,Arthur de Chastelain,825-789-2861,ade38@sun.com
118,Celestia,Odgaard,codgaard39,Celestia Odgaard,810-400-2702,codgaard39@ucsd.edu
119,Sonja,Cloney,scloney3a,Sonja Cloney,132-473-8393,scloney3a@wsj.com
120,Ricca,Adamski,radamski3b,Ricca Adamski,854-595-8460,radamski3b@prlog.org
121,Cherianne,Linkin,clinkin3c,Cherianne Linkin,495-409-8325,clinkin3c@cnet.com
122,Katie,Sunners,ksunners3d,Katie Sunners,738-611-6576,ksunners3d@noaa.gov
123,Carney,Bachman,cbachman3e,Carney Bachman,109-692-4260,cbachman3e@dedecms.com
124,Hershel,Dutt,hdutt3f,Hershel Dutt,349-783-0370,hdutt3f@telegraph.co.uk
125,Fanni,Coste,fcoste3g,Fanni Coste,436-125-6282,fcoste3g@bigcartel.com
126,Dotti,Gascoyen,dgascoyen3h,Dotti Gascoyen,268-868-3338,dgascoyen3h@go.com
127,Lurline,Feilden,lfeilden3i,Lurline Feilden,769-721-3640,lfeilden3i@uiuc.edu
128,Carlene,Carbry,ccarbry3j,Carlene Carbry,544-310-9495,ccarbry3j@about.com
129,Farah,Smardon,fsmardon3k,Farah Smardon,995-869-9190,fsmardon3k@webmd.com
130,Antone,Barber,abarber3l,Antone Barber,841-432-1631,abarber3l@cdbaby.com
131,Cecilla,Bugdell,cbugdell3m,Cecilla Bugdell,944-113-7779,cbugdell3m@yelp.com
132,Marlane,Telling,mtelling3n,Marlane Telling,257-697-3407,mtelling3n@omniture.com
133,Dulsea,Renfree,drenfree3o,Dulsea Renfree,462-122-8671,drenfree3o@instagram.com
134,Georgetta,Champniss,gchampniss3p,Georgetta Champniss,876-626-5494,gchampniss3p@cdc.gov
135,Cyrillus,Antunez,cantunez3q,Cyrillus Antunez,582-189-9478,cantunez3q@timesonline.co.uk
136,Ola,Deschelle,odeschelle3r,Ola Deschelle,939-396-8704,odeschelle3r@studiopress.com
137,Baxter,Gever,bgever3s,Baxter Gever,762-646-8860,bgever3s@admin.ch
138,Hailee,Gillings,hgillings3t,Hailee Gillings,643-896-0032,hgillings3t@issuu.com
139,Annabell,Rosewarne,arosewarne3u,Annabell Rosewarne,816-115-6300,arosewarne3u@twitter.com
140,Del,Hort,dhort3v,Del Hort,229-206-1669,dhort3v@php.net
141,Cecil,Ovitz,covitz3w,Cecil Ovitz,433-259-5648,covitz3w@domainmarket.com
142,Welby,Wasteney,wwasteney3x,Welby Wasteney,291-521-2513,wwasteney3x@spiegel.de
143,Belita,Ropkins,bropkins3y,Belita Ropkins,741-915-5474,bropkins3y@ebay.com
144,Kimbra,Attwooll,kattwooll3z,Kimbra Attwooll,488-196-0401,kattwooll3z@ihg.com
145,Rikki,Iacovuzzi,riacovuzzi40,Rikki Iacovuzzi,855-552-2461,riacovuzzi40@answers.com
146,Eilis,Pigott,epigott41,Eilis Pigott,426-611-1786,epigott41@csmonitor.com
147,Dun,Falkingham,dfalkingham42,Dun Falkingham,468-763-5398,dfalkingham42@devhub.com
148,Clarette,Pietruszka,cpietruszka43,Clarette Pietruszka,507-521-3690,cpietruszka43@japanpost.jp
149,Gayla,Harvie,gharvie44,Gayla Harvie,205-657-2928,gharvie44@e-recht24.de
150,Cooper,Tweedie,ctweedie45,Cooper Tweedie,111-982-1859,ctweedie45@csmonitor.com
151,Sherlocke,Olliver,solliver46,Sherlocke Olliver,741-373-2741,solliver46@posterous.com
152,Gilberta,Mapletoft,gmapletoft47,Gilberta Mapletoft,512-288-0373,gmapletoft47@independent.co.uk
153,Elsi,Sollars,esollars48,Elsi Sollars,695-931-7480,esollars48@histats.com
154,Ciel,Hedman,chedman49,Ciel Hedman,361-515-0227,chedman49@amazonaws.com
155,Leigh,Danelut,ldanelut4a,Leigh Danelut,447-273-4829,ldanelut4a@opensource.org
156,Vonny,Tichner,vtichner4b,Vonny Tichner,450-747-9509,vtichner4b@jugem.jp
157,Tynan,Bakeup,tbakeup4c,Tynan Bakeup,878-119-0024,tbakeup4c@google.com.br
158,Kathrine,Sallan,ksallan4d,Kathrine Sallan,429-430-9613,ksallan4d@bluehost.com
159,Rory,Shuttlewood,rshuttlewood4e,Rory Shuttlewood,972-593-4330,rshuttlewood4e@yahoo.com
160,Bartholemy,Tomankowski,btomankowski4f,Bartholemy Tomankowski,311-326-6558,btomankowski4f@tuttocitta.it
161,Ealasaid,Gillingham,egillingham4g,Ealasaid Gillingham,513-752-0568,egillingham4g@tripadvisor.com
162,Lois,Liell,lliell4h,Lois Liell,613-737-7849,lliell4h@pen.io
163,Halsey,Bodega,hbodega4i,Halsey Bodega,361-905-4541,hbodega4i@wufoo.com
164,Janie,Laffan,jlaffan4j,Janie Laffan,812-601-4691,jlaffan4j@macromedia.com
165,Conroy,Concannon,cconcannon4k,Conroy Concannon,262-886-5038,cconcannon4k@zimbio.com
166,Isa,Griswood,igriswood4l,Isa Griswood,568-313-0984,igriswood4l@forbes.com
167,Temp,Trewett,ttrewett4m,Temp Trewett,801-279-4829,ttrewett4m@yellowpages.com
168,Casi,McGreal,cmcgreal4n,Casi McGreal,977-842-7151,cmcgreal4n@wikia.com
169,Laurette,Schnieder,lschnieder4o,Laurette Schnieder,865-199-9526,lschnieder4o@lycos.com
170,Tudor,Neylon,tneylon4p,Tudor Neylon,327-259-9940,tneylon4p@cam.ac.uk
171,Junina,Pautot,jpautot4q,Junina Pautot,990-598-1335,jpautot4q@networksolutions.com
172,Margette,Robbings,mrobbings4r,Margette Robbings,665-131-9144,mrobbings4r@reverbnation.com
173,Cammy,Keiley,ckeiley4s,Cammy Keiley,324-682-7264,ckeiley4s@youtube.com
174,Francisca,Alans,falans4t,Francisca Alans,114-861-8732,falans4t@virginia.edu
175,Kittie,Latter,klatter4u,Kittie Latter,718-718-9067,klatter4u@studiopress.com
176,Korrie,Eborn,keborn4v,Korrie Eborn,327-496-9320,keborn4v@discovery.com
177,Barde,Krelle,bkrelle4w,Barde Krelle,807-156-5904,bkrelle4w@vinaora.com
178,Tova,Hawton,thawton4x,Tova Hawton,792-749-8661,thawton4x@diigo.com
179,Kaela,Greatbank,kgreatbank4y,Kaela Greatbank,342-378-2906,kgreatbank4y@people.com.cn
180,Margarita,Thynn,mthynn4z,Margarita Thynn,205-711-8157,mthynn4z@archive.org
181,Westbrook,Corish,wcorish50,Westbrook Corish,899-565-9283,wcorish50@auda.org.au
182,Thomasina,Ciobotaru,tciobotaru51,Thomasina Ciobotaru,382-476-4100,tciobotaru51@nsw.gov.au
183,Hill,Imlock,himlock52,Hill Imlock,257-699-2285,himlock52@a8.net
184,Asa,Gowans,agowans53,Asa Gowans,713-137-9544,agowans53@bluehost.com
185,Ibrahim,Illsley,iillsley54,Ibrahim Illsley,947-235-8129,iillsley54@google.pl
186,Melisande,Brooksby,mbrooksby55,Melisande Brooksby,754-341-9069,mbrooksby55@freewebs.com
187,Addison,Finan,afinan56,Addison Finan,711-867-7535,afinan56@mlb.com
188,Bibi,Daveran,bdaveran57,Bibi Daveran,334-679-9471,bdaveran57@shinystat.com
189,Zola,Jardine,zjardine58,Zola Jardine,596-364-2852,zjardine58@google.ru
190,Bunni,Prosser,bprosser59,Bunni Prosser,260-171-1439,bprosser59@wordpress.com
191,Pietrek,McCarver,pmccarver5a,Pietrek McCarver,222-601-2284,pmccarver5a@joomla.org
192,Kristian,Tellenbach,ktellenbach5b,Kristian Tellenbach,828-832-6306,ktellenbach5b@com.com
193,Guenna,Glynn,gglynn5c,Guenna Glynn,288-992-6070,gglynn5c@gnu.org
194,Taddeo,Martyns,tmartyns5d,Taddeo Martyns,524-824-8290,tmartyns5d@un.org
195,Palm,Doman,pdoman5e,Palm Doman,981-993-5145,pdoman5e@sakura.ne.jp
196,Pansie,Rounsivall,prounsivall5f,Pansie Rounsivall,816-548-3566,prounsivall5f@t-online.de
197,Homer,Knevit,hknevit5g,Homer Knevit,855-198-9338,hknevit5g@wiley.com
198,Lynnea,Hagston,lhagston5h,Lynnea Hagston,935-920-3665,lhagston5h@theatlantic.com
199,Brockie,Rame,brame5i,Brockie Rame,374-564-6347,brame5i@cdbaby.com
200,Nelia,Chesser,nchesser5j,Nelia Chesser,973-886-1319,nchesser5j@wired.com
201,Nananne,Wildman,nwildman5k,Nananne Wildman,501-796-7060,nwildman5k@usa.gov
202,Drugi,Melley,dmelley5l,Drugi Melley,443-384-2465,dmelley5l@blog.com
203,Linnea,Mugg,lmugg5m,Linnea Mugg,156-632-9028,lmugg5m@prweb.com
204,Reube,Baudi,rbaudi5n,Reube Baudi,420-492-6604,rbaudi5n@guardian.co.uk
205,Lira,Crowcum,lcrowcum5o,Lira Crowcum,626-289-7157,lcrowcum5o@live.com
206,Alikee,Pevreal,apevreal5p,Alikee Pevreal,218-910-9523,apevreal5p@who.int
207,Cahra,Gritsaev,cgritsaev5q,Cahra Gritsaev,847-243-2277,cgritsaev5q@mozilla.org
208,Sonny,Barnby,sbarnby5r,Sonny Barnby,283-364-6755,sbarnby5r@google.cn
209,Doralynn,Hudless,dhudless5s,Doralynn Hudless,362-260-7884,dhudless5s@bandcamp.com
210,Rasia,Boreland,rboreland5t,Rasia Boreland,574-869-0705,rboreland5t@census.gov
211,Erik,Kildale,ekildale5u,Erik Kildale,773-113-5407,ekildale5u@google.com.hk
212,Egon,Ainsbury,eainsbury5v,Egon Ainsbury,917-969-5852,eainsbury5v@github.com
213,Ronnie,Medd,rmedd5w,Ronnie Medd,670-930-5428,rmedd5w@example.com
214,Angelika,Bambrick,abambrick5x,Angelika Bambrick,521-859-6487,abambrick5x@nbcnews.com
215,Paulie,Greneham,pgreneham5y,Paulie Greneham,522-982-1374,pgreneham5y@bluehost.com
216,Laurel,Carabine,lcarabine5z,Laurel Carabine,881-657-2384,lcarabine5z@upenn.edu
217,Hill,Red,hred60,Hill Red,892-237-8653,hred60@tinypic.com
218,Zora,Slark,zslark61,Zora Slark,650-197-3033,zslark61@tinyurl.com
219,Vania,Wareham,vwareham62,Vania Wareham,796-241-5201,vwareham62@bbb.org
220,Caspar,Ellcome,cellcome63,Caspar Ellcome,542-281-4671,cellcome63@facebook.com
221,Philly,Stanway,pstanway64,Philly Stanway,314-720-4307,pstanway64@biglobe.ne.jp
222,Kamilah,Danelutti,kdanelutti65,Kamilah Danelutti,754-759-5901,kdanelutti65@cafepress.com
223,Dianemarie,Luparti,dluparti66,Dianemarie Luparti,819-759-7856,dluparti66@google.com
224,Patten,Brymham,pbrymham67,Patten Brymham,680-329-4405,pbrymham67@dedecms.com
225,Norris,Coulthard,ncoulthard68,Norris Coulthard,256-916-0505,ncoulthard68@amazonaws.com
226,Jodie,Guillain,jguillain69,Jodie Guillain,749-902-0792,jguillain69@1und1.de
227,Adina,O'Fearguise,aofearguise6a,Adina O'Fearguise,649-769-6276,aofearguise6a@imdb.com
228,Jim,Swyer,jswyer6b,Jim Swyer,908-657-7109,jswyer6b@networkadvertising.org
229,Domeniga,Hodgins,dhodgins6c,Domeniga Hodgins,113-197-3081,dhodgins6c@google.com.au
230,Farr,Hedan,fhedan6d,Farr Hedan,351-924-3204,fhedan6d@1688.com
231,Ezri,Caddell,ecaddell6e,Ezri Caddell,705-520-3610,ecaddell6e@hugedomains.com
232,Tommi,Wagg,twagg6f,Tommi Wagg,839-648-8129,twagg6f@themeforest.net
233,Liuka,Tudgay,ltudgay6g,Liuka Tudgay,967-558-7892,ltudgay6g@shop-pro.jp
234,Erika,Chantrell,echantrell6h,Erika Chantrell,649-779-2628,echantrell6h@last.fm
235,Gregorio,Aleshintsev,galeshintsev6i,Gregorio Aleshintsev,352-236-3482,galeshintsev6i@eventbrite.com
236,Abramo,Pevreal,apevreal6j,Abramo Pevreal,691-175-2576,apevreal6j@g.co
237,Shelagh,Neiland,sneiland6k,Shelagh Neiland,574-932-8795,sneiland6k@t.co
238,Liva,Kix,lkix6l,Liva Kix,973-361-1229,lkix6l@vimeo.com
239,Cathrin,O'Leary,coleary6m,Cathrin O'Leary,408-818-7642,coleary6m@japanpost.jp
240,Marie,Burstowe,mburstowe6n,Marie Burstowe,547-486-2701,mburstowe6n@nationalgeographic.com
241,Ezekiel,Eck,eeck6o,Ezekiel Eck,408-497-6485,eeck6o@i2i.jp
242,Torey,Claffey,tclaffey6p,Torey Claffey,515-777-0375,tclaffey6p@1688.com
243,Angy,Awin,aawin6q,Angy Awin,624-236-7532,aawin6q@ask.com
244,Raynell,Brusin,rbrusin6r,Raynell Brusin,428-147-0645,rbrusin6r@amazon.co.uk
245,Edan,Lawty,elawty6s,Edan Lawty,561-143-5068,elawty6s@cbsnews.com
246,Madelon,Crinage,mcrinage6t,Madelon Crinage,100-943-9774,mcrinage6t@geocities.jp
247,Boniface,Abram,babram6u,Boniface Abram,354-506-3780,babram6u@pen.io
248,Kellen,Spurret,kspurret6v,Kellen Spurret,585-703-1399,kspurret6v@arizona.edu
249,Roch,Tissiman,rtissiman6w,Roch Tissiman,915-687-6208,rtissiman6w@home.pl
250,Jud,Grinyer,jgrinyer6x,Jud Grinyer,109-427-1471,jgrinyer6x@liveinternet.ru
